metric,value
count,6471.0
mean,344.2413846391593
std,326.0108623552293
min,15.0
25%,205.0
50%,287.0
75%,410.0
90%,580.0
95%,727.5
99%,1145.300000000002
max,11412.0
